aa	11
ab	33
ab	45
ab	48
ab	90
ac	23
ac	54
ad	46
ae	30
ae	31
ae	75
ae	85
af	35
af	68
af	87
af	96
ag	37
ag	40
ag	61
ag	77
ag	92
ah	10
ah	16
ah	41
ah	42
ai	33
ai	82
aj	23
aj	37
aj	50
aj	80
ak	59
ak	67
ak	69
ak	94
al	19
am	20
am	29
am	40
an	11
an	63
ao	38
ap	40
ap	96
aq	24
aq	89
ar	79
ar	82
as	42
as	80
as	91
au	12
au	31
au	38
au	79
av	55
av	56
av	63
aw	38
aw	44
aw	56
aw	89
ax	34
ax	35
ax	99
ay	28
ay	38
ay	56
ay	64
ay	67
ay	80
az	20
az	52
az	61
az	62
az	89
az	90
ba	16
ba	21
ba	34
ba	46
ba	62
bb	21
bb	27
bb	69
bb	94
bc	11
bc	19
bc	40
bc	67
bc	87
bc	91
be	25
be	49
bf	79
bf	93
bg	39
bg	41
bg	48
bg	78
bg	88
bh	10
bh	42
bh	50
bh	72
bh	76
bi	23
bi	30
bj	21
bj	48
bj	94
bk	53
bk	55
bl	37
bl	57
bm	77
bn	82
bo	12
bo	42
bo	66
bp	33
bp	85
bq	35
bq	59
bq	84
br	53
bs	48
bs	53
bs	54
bs	84
bs	91
bt	52
bt	55
bt	62
bt	69
bt	78
bt	87
bu	69
bu	70
bv	22
bv	44
bv	78
bv	88
bw	16
bw	55
bw	86
bx	10
bx	16
bx	50
bx	52
by	43
bz	13
bz	61
bz	76
ca	42
ca	88
cb	14
cb	20
cb	68
cb	77
cc	10
cc	24
cd	27
cd	35
cd	65
ce	13
ce	34
ce	37
ce	41
ce	57
cf	43
cf	45
cf	50
cg	78
cg	90
ch	26
ch	29
ch	35
ch	64
ci	28
ci	63
cj	14
cj	55
ck	56
ck	71
cl	41
cl	48
cm	26
cm	89
cn	73
co	41
cq	39
cr	47
cr	54
cr	81
cr	90
cs	17
cs	66
cs	91
ct	41
ct	81
cu	25
cu	28
cu	51
cu	61
cu	76
cv	51
cv	53
cv	61
cv	75
cv	99
cw	16
cw	24
cw	37
cw	58
cw	84
cx	13
cx	90
cy	45
cy	51
cy	92
cy	93
cy	94
cz	26
cz	34
cz	37
da	16
da	39
da	45
db	12
db	23
db	28
db	58
db	66
dc	30
dc	86
dd	12
dd	29
dd	48
dd	70
dd	77
de	65
de	72
de	91
de	92
df	37
df	55
df	85
dg	37
dg	51
dg	70
dh	42
dh	63
dh	89
di	14
di	22
di	24
di	69
dk	57
dk	74
dk	95
dl	62
dl	79
dm	15
dm	27
dm	56
dm	80
dm	94
dn	32
do	24
do	62
dp	35
dp	42
dp	97
dq	45
dq	57
dr	23
dr	88
ds	40
ds	42
ds	94
dt	24
dt	47
du	20
du	26
du	56
du	96
dv	55
dv	91
dw	28
dw	35
dw	47
dx	64
dx	74
dx	84
dx	95
dx	96
dy	27
dy	67
dy	70
dy	96
dz	77
ea	80
eb	23
eb	48
eb	74
eb	92
eb	98
ec	28
ec	97
ed	13
ed	87
ee	29
ee	72
ef	12
ef	62
ef	74
ef	82
ef	88
eg	37
eg	59
eg	62
eg	87
ei	84
ej	71
ek	64
el	37
em	19
em	38
em	71
en	15
en	25
en	30
en	58
en	63
eo	24
eo	25
eo	61
ep	24
ep	40
ep	61
ep	70
eq	51
eq	53
eq	63
eq	68
eq	95
er	41
er	82
er	87
es	35
es	42
es	71
es	92
et	10
et	84
eu	12
eu	28
eu	39
eu	96
ev	36
ev	90
ew	32
ew	53
ew	60
ew	86
ex	82
ey	28
ey	35
ey	45
ey	68
fa	26
fa	43
fa	74
fa	79
fa	85
fb	17
fb	44
fb	74
fb	95
fc	44
fc	58
fc	64
fc	69
fd	78
fe	37
fe	61
ff	32
ff	69
ff	86
fg	33
fg	40
fg	76
fh	25
fh	38
fi	33
fi	57
fi	67
fi	80
fi	86
fi	87
fj	57
fj	63
fj	65
fj	68
fj	98
fk	10
fk	19
fk	22
fk	57
fk	92
fl	38
fl	80
fm	60
fn	27
fn	71
fn	82
fo	12
fo	14
fo	41
fo	61
fp	23
fp	34
fq	50
fq	62
fq	71
fr	22
fr	32
fr	64
fr	67
ft	19
fu	49
fu	53
fu	65
fu	69
fu	70
fu	80
fu	90
fv	76
fw	34
fw	37
fw	43
fw	67
fx	11
fx	35
fy	10
fy	13
fy	28
fy	53
fy	55
fz	23
fz	25
fz	54
fz	59
fz	74
ga	38
gb	12
gb	31
gb	34
gb	93
gb	94
gc	12
gc	20
ge	41
ge	43
ge	50
ge	68
ge	98
gf	29
gf	40
gf	48
gf	53
gf	78
gg	20
gg	75
gg	93
gh	76
gi	50
gi	82
gi	91
gj	16
gj	56
gj	82
gk	34
gk	37
gk	63
gk	67
gk	68
gk	99
gl	14
gl	32
gl	44
gl	51
gl	58
gl	78
gm	49
gn	53
gn	66
gn	69
go	33
go	63
gp	11
gp	79
gq	15
gq	53
gr	18
gr	96
gs	19
gs	34
gt	22
gt	33
gt	92
gu	40
gu	47
gu	85
gu	92
gu	99
gv	46
gv	95
gw	14
gw	75
gy	22
gz	84
ha	11
ha	61
ha	98
hb	24
hb	89
hb	90
hc	33
hc	37
hc	41
hc	54
hc	58
hc	78
hd	21
hd	95
he	25
he	49
he	51
hg	42
hg	53
hg	57
hg	99
hh	35
hh	71
hh	95
hj	39
hj	54
hj	56
hj	60
hj	76
hk	75
hl	24
hl	52
hl	83
hl	86
hm	20
hm	23
hm	94
hn	55
ho	29
ho	47
ho	66
ho	71
ho	90
ho	97
hp	10
hp	29
hp	71
hp	83
hq	21
hq	28
hq	34
hq	68
hr	19
hr	54
hr	56
hr	74
hr	75
hr	85
hs	44
ht	78
hv	27
hw	20
hw	21
hw	43
hw	58
hw	73
hw	94
hx	23
hx	27
hx	41
hx	64
hx	73
hx	78
hx	93
hy	18
hy	23
hy	77
hz	10
hz	30
hz	38
hz	65
hz	66
hz	95
ib	71
ic	37
ic	43
ic	45
ic	74
ie	29
ie	42
ie	44
ie	45
ie	71
ie	73
ie	76
if	63
if	96
ig	30
ig	80
ih	56
ih	86
ii	33
ii	39
ii	77
ii	98
ij	23
ij	49
ij	94
ik	27
ik	45
ik	54
ik	64
ik	69
ik	85
ik	86
ik	88
il	22
im	27
im	59
im	80
im	88
im	90
in	24
in	25
in	56
in	57
in	72
in	77
in	84
io	16
io	22
io	61
io	81
ip	31
iq	19
iq	39
iq	53
iq	85
iq	92
ir	36
ir	44
ir	73
is	16
is	43
is	61
it	37
it	39
it	56
it	61
it	82
iu	29
iu	54
iu	80
iu	85
iw	16
iw	26
iw	36
iw	44
iw	48
iw	51
ix	22
ix	42
ix	64
ix	68
ix	83
ix	87
iy	71
iz	41
iz	72
iz	87
iz	91
ja	14
ja	42
ja	45
ja	52
ja	54
ja	58
ja	70
ja	80
ja	92
jb	24
jb	57
jc	33
jc	71
jc	74
jd	33
je	19
je	29
je	84
jf	30
jf	45
jf	62
jf	64
jf	96
jg	57
jh	43
jh	96
ji	64
ji	79
ji	87
jj	31
jj	56
jj	85
jj	89
jk	63
jk	65
jk	96
jl	18
jl	37
jm	67
jm	81
jm	93
jn	11
jn	20
jn	39
jo	69
jo	92
jp	37
jp	46
jp	62
jq	27
jq	78
jr	43
jr	44
jr	93
jr	96
js	13
js	39
js	54
js	60
js	84
js	88
jt	27
jt	38
jt	46
jt	57
jt	58
jt	72
ju	13
ju	57
ju	97
jv	27
jv	30
jv	65
jw	17
jy	41
jy	52
jy	78
jy	86
jy	94
jz	12
jz	21
jz	27
jz	46
jz	83
ka	31
ka	35
ka	47
ka	63
kb	12
kb	16
kb	58
kb	64
kb	98
kc	50
kc	72
kc	83
kd	23
kd	51
kd	82
kd	90
ke	10
ke	17
ke	34
ke	78
kf	68
kg	10
kg	23
kg	72
kg	91
kh	82
kh	89
ki	33
ki	93
kj	10
kk	23
kk	28
kk	57
kk	61
kk	77
kk	79
kl	29
kl	38
kl	54
kl	84
km	88
km	96
kn	33
kn	43
kn	63
kn	77
kn	96
ko	31
kp	49
kp	76
kq	45
kq	84
kq	99
kr	45
kr	62
kr	67
kr	69
kr	95
ks	43
ks	77
ks	86
ks	94
kt	65
kt	88
kt	90
ku	58
kv	32
kv	56
kw	38
kw	52
kw	63
kw	64
kw	74
kx	79
ky	18
ky	38
ky	43
ky	90
ky	97
kz	14
kz	76
kz	95
la	61
la	97
lb	45
lb	73
lb	78
lb	94
lc	48
lc	95
ld	50
ld	57
ld	88
le	24
le	59
le	77
lf	38
lf	40
lf	84
lg	26
lg	31
lg	34
lg	38
lg	45
lg	50
lg	64
lh	25
lh	38
lh	51
li	25
li	49
lj	15
lj	63
lj	67
lk	11
lk	17
lk	37
lk	40
lk	42
lk	56
lk	60
lk	87
lk	90
ll	53
ll	54
ll	58
ll	65
ll	85
lm	17
lm	29
lm	40
lm	70
ln	59
ln	89
lo	29
lo	32
lo	72
lo	94
lp	44
lq	15
lq	57
lq	66
lq	77
lr	72
lr	87
lr	99
ls	35
ls	43
ls	60
ls	63
ls	67
ls	96
ls	97
lt	29
lt	37
lt	71
lt	75
lt	88
lu	91
lu	93
lu	96
lv	28
lv	57
lv	60
lv	77
lv	85
lw	55
lx	25
lx	51
ly	25
ly	86
lz	49
lz	71
lz	75
ma	18
ma	45
mc	53
md	24
md	26
md	35
me	32
me	83
mf	13
mf	37
mg	37
mg	64
mg	75
mh	32
mh	33
mh	59
mi	50
mj	24
mj	96
mk	43
mk	79
ml	22
ml	45
ml	47
mm	36
mm	66
mm	71
mm	78
mn	62
mn	71
mn	94
mo	26
mo	42
mo	55
mo	63
mo	99
mp	66
mp	94
mp	99
mq	40
mr	22
mr	37
mr	46
mr	98
ms	16
ms	27
ms	86
mt	18
mt	51
mu	54
mu	66
mu	81
mv	12
mv	50
mv	78
mw	48
mw	65
mw	91
mx	31
mx	35
my	41
my	52
mz	41
mz	67
mz	78
na	15
na	16
na	40
na	48
na	87
na	93
nb	53
nb	69
nc	19
nc	39
nc	48
nc	97
nd	32
nd	56
nd	68
nd	82
ne	13
ne	24
ne	52
nf	14
nf	77
nh	13
nh	14
nh	32
nh	71
ni	23
ni	30
nj	15
nj	53
nk	11
nk	24
nk	31
nk	76
nk	85
nl	13
nl	24
nl	43
nl	47
nl	63
nm	49
nm	71
nm	99
nn	13
nn	49
no	31
np	10
np	71
nq	24
nq	25
nq	37
nq	86
nr	21
nr	67
ns	42
ns	78
ns	85
ns	96
nt	20
nt	45
nt	51
nt	83
nu	39
nu	51
nu	67
nu	70
nv	37
nv	41
nv	43
nv	53
nv	60
nv	92
nw	60
nw	85
nx	60
oa	14
oa	27
oa	34
oa	88
ob	11
ob	83
oc	17
oc	39
oc	82
od	14
od	21
od	48
od	72
oe	15
oe	38
oe	42
oe	43
oe	49
oe	52
of	58
of	66
of	78
of	86
of	98
og	16
og	77
oh	45
oh	48
oh	64
oi	23
oi	49
oj	30
ok	20
ok	37
ok	62
ok	75
ok	91
ol	45
ol	52
ol	63
on	56
on	82
oo	31
oo	34
oo	81
op	53
op	55
op	57
op	84
oq	51
oq	76
oq	81
or	17
or	57
or	84
os	28
os	36
os	67
os	84
os	88
ou	67
ou	72
ou	85
ov	13
ov	36
ov	38
ow	37
ow	61
ox	14
ox	17
ox	53
ox	77
oy	10
oy	36
oy	73
oz	31
oz	33
oz	53
oz	95
pa	40
pa	43
pa	58
pb	26
pb	50
pb	53
pc	19
pc	38
pc	71
pd	17
pd	28
pd	71
pd	87
pe	12
pe	82
pf	46
pg	54
pg	55
pg	56
ph	30
ph	71
ph	91
pi	35
pi	42
pi	46
pi	48
pj	18
pk	18
pk	79
pl	28
pl	72
pm	16
pm	23
pm	27
pm	40
pm	46
pm	47
pm	48
pm	73
pn	12
pn	29
pn	42
pn	79
po	69
po	73
pp	27
pp	75
pq	52
pq	92
pr	16
pr	21
pr	75
pr	98
ps	12
ps	20
pt	23
pt	35
pt	42
pt	48
pt	87
pu	40
pu	74
pv	26
pv	29
pv	32
pv	36
pv	57
pv	69
pv	87
pw	68
px	23
px	68
px	91
py	16
py	21
py	71
py	80
pz	30
pz	54
pz	58
pz	71
qa	69
qa	86
qa	88
qa	98
qb	49
qb	61
qb	71
qb	94
qb	97
qc	10
qc	43
qc	50
qd	23
qd	28
qd	51
qd	53
qd	59
qd	92
qe	46
qe	75
qf	29
qf	40
qf	61
qf	76
qg	47
qg	50
qg	89
qh	28
qh	75
qi	51
qi	68
qj	17
qj	45
qj	47
qj	61
qj	78
qk	99
ql	24
ql	37
ql	43
ql	44
qm	36
qm	49
qm	79
qm	96
qn	24
qn	36
qn	49
qn	53
qo	24
qo	29
qo	54
qo	56
qp	90
qq	31
qq	63
qq	69
qr	64
qr	75
qs	57
qt	23
qt	60
qt	90
qu	27
qu	36
qu	68
qw	19
qw	96
qy	44
qy	48
qy	65
qy	84
qz	20
qz	34
qz	43
qz	99
rb	35
rb	39
rb	86
rc	75
rc	90
rd	59
rd	93
re	13
rf	36
rf	37
rg	52
rh	32
rh	81
rh	94
rh	96
ri	25
ri	26
ri	85
rj	48
rl	68
rl	99
rm	35
rm	62
rn	25
rn	69
ro	41
ro	53
ro	82
rp	38
rp	74
rr	21
rr	34
rs	12
rs	37
rs	55
rs	56
rs	74
rt	11
rt	37
rt	46
rt	57
rt	84
rt	95
ru	63
rv	62
rv	96
rw	92
rx	49
rx	53
rx	69
rx	70
rz	19
sb	30
sb	50
sb	63
sb	90
sc	22
sc	36
sd	48
sd	67
sd	90
se	10
se	37
se	57
sf	51
sf	58
sg	41
sg	52
sg	81
sh	56
sh	98
si	88
si	89
sj	28
sj	35
sj	37
sj	59
sj	97
sk	69
sk	71
sk	96
sl	35
sl	91
sm	59
sn	59
sn	61
sn	77
so	24
so	70
sp	52
sp	76
sp	93
sq	53
sq	75
sq	82
sq	91
sq	97
ss	15
ss	20
st	17
st	29
st	67
st	77
st	99
sv	24
sv	36
sv	81
sw	79
sw	85
sw	91
sw	99
sx	15
sx	27
sx	29
sx	41
sy	41
sy	71
sy	98
sz	13
sz	18
sz	26
sz	46
sz	94
ta	13
ta	27
ta	79
tb	13
tb	39
tb	50
tb	56
tb	60
tb	78
tb	80
tc	50
td	11
td	40
td	43
td	66
td	96
te	47
te	89
tf	51
tf	60
tf	75
tf	79
tf	80
tg	44
tg	82
th	71
th	77
ti	14
ti	65
ti	67
ti	70
ti	93
tj	34
tj	35
tj	44
tj	86
tj	95
tj	96
tl	32
tm	47
tm	86
tm	94
tn	73
to	22
to	35
tp	30
tp	42
tp	55
tp	65
tp	67
tp	96
tq	69
tr	16
tr	23
tr	61
tr	92
ts	51
tt	40
tt	62
tt	66
tt	85
tu	50
tu	53
tu	56
tu	75
tu	81
tv	10
tv	25
tv	28
tv	31
tv	36
tv	52
tw	17
tw	34
tw	36
tw	37
tw	41
tw	51
tw	52
tw	61
tx	13
tx	14
tx	28
tx	66
tx	81
ty	29
ty	40
ty	65
ty	73
ty	76
tz	74
ua	19
ua	23
ua	24
ua	38
ub	28
ub	36
ub	78
uc	28
uc	37
uc	58
uc	67
ud	21
ud	64
ud	83
ud	85
ud	99
ue	20
ue	60
uf	11
uf	30
uf	43
uf	73
uf	84
uf	95
ug	52
ug	59
ui	46
ui	60
ui	85
ui	91
ui	97
uj	47
uj	48
uk	23
uk	87
ul	13
ul	19
ul	79
ul	89
um	37
um	90
un	85
uo	31
uo	53
uo	78
uo	82
uo	87
up	19
up	50
uq	26
uq	80
uq	91
ur	23
ur	30
us	67
us	78
us	80
ut	23
ut	39
ut	63
ut	87
ut	90
uu	11
uu	44
uw	75
ux	57
ux	65
ux	66
ux	95
ux	98
uy	45
uz	12
uz	68
uz	80
uz	87
uz	98
va	82
va	87
va	94
va	97
vb	15
vb	93
vc	11
vd	11
vd	66
vd	90
vf	47
vf	48
vf	67
vg	21
vg	28
vg	35
vg	53
vg	86
vh	35
vh	66
vh	86
vi	73
vj	68
vj	84
vj	96
vk	41
vk	68
vk	77
vl	56
vl	64
vl	93
vm	11
vm	85
vn	32
vn	40
vn	54
vn	91
vn	98
vo	12
vp	16
vp	96
vq	17
vq	51
vr	16
vr	21
vr	56
vs	95
vt	23
vt	36
vt	40
vt	51
vu	27
vu	83
vv	43
vw	22
vw	39
vx	28
vx	84
vx	85
vy	62
vy	71
vy	73
vy	84
vz	15
vz	50
vz	78
wa	18
wa	36
wa	41
wa	61
wb	58
wb	69
wb	93
wc	95
wd	17
we	38
we	72
we	89
wf	11
wf	42
wf	69
wg	27
wg	29
wg	51
wg	54
wg	66
wg	96
wh	48
wh	65
wj	53
wj	55
wk	19
wk	26
wk	32
wk	51
wl	37
wl	89
wl	93
wm	17
wm	73
wm	90
wn	41
wn	44
wo	10
wo	55
wp	39
wp	44
wq	14
wq	26
wq	60
wq	77
wq	84
wq	87
wr	53
ws	14
ws	17
ws	22
ws	42
ws	97
wt	25
wt	58
wt	86
wt	95
wt	96
wu	26
wu	35
wu	77
wv	73
ww	12
wx	22
wy	16
wy	20
wy	80
wy	81
wz	52
wz	85
xa	28
xa	94
xb	23
xb	44
xb	50
xc	47
xc	61
xc	71
xc	72
xc	86
xc	91
xe	24
xe	34
xe	48
xe	64
xf	23
xf	35
xf	97
xg	57
xg	62
xh	44
xh	49
xh	85
xh	99
xi	14
xi	55
xi	61
xi	71
xj	14
xj	33
xk	28
xk	29
xk	67
xl	46
xl	77
xl	80
xl	89
xm	75
xn	57
xn	66
xn	75
xn	88
xo	17
xp	13
xp	23
xq	21
xq	24
xq	49
xq	91
xq	92
xr	21
xr	26
xr	30
xs	40
xt	49
xt	66
xt	68
xt	83
xt	93
xu	24
xu	64
xu	70
xu	91
xv	46
xv	54
xv	64
xv	75
xw	76
xw	97
xx	30
xx	82
xy	18
xy	64
xy	79
xy	96
xz	87
ya	32
ya	65
ya	84
ya	85
yb	91
yc	24
yc	40
yc	44
yc	97
yd	10
yd	97
ye	40
ye	46
ye	57
yf	50
yf	69
yf	88
yg	44
yg	56
yg	61
yh	25
yh	73
yi	11
yi	23
yj	32
yj	49
yj	89
yk	10
yk	23
yk	30
yk	33
yk	44
yl	27
ym	18
ym	21
ym	53
ym	84
yn	64
yn	81
yo	11
yo	88
yp	29
yp	31
yp	40
yp	44
yp	77
yp	82
yq	35
yq	41
yq	87
yr	16
yr	35
yr	69
ys	34
ys	54
ys	87
yt	14
yt	34
yt	49
yu	11
yu	75
yu	95
yv	38
yv	40
yv	48
yx	23
yx	38
yy	63
yy	67
yy	81
yz	47
yz	65
yz	96
za	28
za	47
zb	22
zb	64
zb	65
zc	15
zc	86
zc	89
zd	17
zd	24
zd	40
ze	28
ze	37
ze	44
zf	29
zf	42
zf	63
zg	62
zh	95
zi	45
zj	12
zk	18
zk	27
zk	28
zk	50
zk	76
zk	93
zl	14
zl	29
zl	89
zm	33
zn	11
zn	22
zn	60
zn	80
zo	14
zo	51
zo	59
zp	14
zp	79
zp	80
zp	96
zq	22
zq	64
zr	21
zr	39
zr	80
zs	52
zs	80
zs	84
zt	11
zt	59
zu	13
zu	25
zu	26
zv	61
zv	65
zv	66
zv	86
zv	96
zw	20
zw	79
zx	81
zy	15
zy	68
zz	10
zz	36
